,Holidays
0,2017-01-01
1,2017-01-06
2,2017-04-14
3,2017-04-17
4,2017-05-01
5,2017-05-25
6,2017-06-05
7,2017-06-15
8,2017-10-03
9,2017-10-31
10,2017-11-01
11,2017-12-25
12,2017-12-26
13,2018-01-01
14,2018-01-06
15,2018-03-30
16,2018-04-02
17,2018-05-01
18,2018-05-10
19,2018-05-21
20,2018-05-31
21,2018-10-03
22,2018-11-01
23,2018-12-25
24,2018-12-26
25,2019-01-01
26,2019-01-06
27,2019-04-19
28,2019-04-22
29,2019-05-01
30,2019-05-30
31,2019-06-10
32,2019-06-20
33,2019-10-03
34,2019-11-01
35,2019-12-25
36,2019-12-26
37,2020-01-01
38,2020-01-06
39,2020-04-10
40,2020-04-13
41,2020-05-01
42,2020-05-21
43,2020-06-01
44,2020-06-11
45,2020-10-03
46,2020-11-01
47,2020-12-25
48,2020-12-26
49,2021-01-01
50,2021-01-06
51,2021-04-02
52,2021-04-05
53,2021-05-01
54,2021-05-13
55,2021-05-24
56,2021-06-03
57,2021-10-03
58,2021-11-01
59,2021-12-25
60,2021-12-26
61,2022-01-01
62,2022-01-06
63,2022-04-15
64,2022-04-18
65,2022-05-01
66,2022-05-26
67,2022-06-06
68,2022-06-16
69,2022-10-03
70,2022-11-01
71,2022-12-25
72,2022-12-26
73,2023-01-01
74,2023-01-06
75,2023-04-07
76,2023-04-10
77,2023-05-01
78,2023-05-18
79,2023-05-29
80,2023-06-08
81,2023-10-03
82,2023-11-01
83,2023-12-25
84,2023-12-26
85,2024-01-01
86,2024-01-06
87,2024-03-29
88,2024-04-01
89,2024-05-01
90,2024-05-09
91,2024-05-20
92,2024-05-30
93,2024-10-03
94,2024-11-01
95,2024-12-25
96,2024-12-26
